DATE,TRADINGCODE,LTP*,HIGH,LOW,OPENP*,CLOSEP*,YCP,TRADE,VALUE (mn),VOLUME,Change
2016-12-15,1JANATAMF,5.2,5.2,5,5.1,5.2,5.1,76,1.726,336494,1.96%
2016-12-15,1STPRIMFMF,9.2,9.3,9.2,9.3,9.2,9.3,90,2.275,245500,-1.08%
2016-12-15,7THICB,0,0,0,0,0,121.1,0,0,0,-100.00%
2016-12-15,8THICB,0,0,0,0,60,60,0,0,0,0.00%
2016-12-15,AAMRATECH,31.2,33.5,31,32.6,31.3,32.4,1092,55.393,1729477,-3.40%
2016-12-15,ABB1STMF,5.2,5.2,5.2,5.2,5.2,5.2,20,1.133,217886,0.00%
2016-12-15,ABBANK,22,22.1,20.9,21.1,22,20.8,1780,112.302,5159897,5.77%
2016-12-15,ACI,385,391,383.4,390.6,386.1,387.1,941,37.398,96934,-0.26%
2016-12-15,ACIFORMULA,153,155,152.1,153.3,152.4,153.4,260,6.66,43491,-0.65%
2016-12-15,ACMELAB,98.8,99.3,97.3,99.2,97.7,99.2,2846,92.668,944557,-1.51%
2016-12-15,ACTIVEFINE,43.3,44.7,43.1,44.3,43.4,44.3,2436,130.91,2991681,-2.03%
2016-12-15,AFCAGRO,52.5,54.7,52.4,54,52.7,53.9,1558,91.48,1719028,-2.23%
2016-12-15,AFTABAUTO,58,60.8,58,58.9,58.7,58.4,2009,111.18,1864337,0.51%
2016-12-15,AGNISYSL,20.4,20.9,20.2,20.5,20.3,20.6,503,14.906,727962,-1.46%
2016-12-15,AGRANINS,21.8,23,21.3,21.7,22.5,22.2,92,4.523,203329,1.35%
2016-12-15,AIBL1STIMF,7.9,8,7.9,8,7.9,7.9,6,0.269,34000,0.00%
2016-12-15,AL-HAJTEX,88.2,90.3,87,88.5,87.8,90,1055,20.252,229167,-2.44%
2016-12-15,ALARABANK,15.2,15.2,15,15.1,15.2,15.1,148,6,396915,0.66%
2016-12-15,ALLTEX,10,10.4,10,10.4,10.1,10.2,117,1.663,163161,-0.98%
2016-12-15,AMANFEED,70.4,71.6,69.8,71.6,70.1,71.7,1135,53.288,756295,-2.23%
2016-12-15,AMBEEPHA,393,395,370,371,387.5,370.1,763,14.947,38888,4.70%
2016-12-15,AMCL(PRAN),207,214.1,206.1,210,208.4,209.6,163,3.88,18469,-0.57%
2016-12-15,ANLIMAYARN,30.1,31.3,30.1,30.7,30.3,30.7,579,20.636,673959,-1.30%
2016-12-15,ANWARGALV,71.6,74.4,71.4,74.4,71.6,73.4,431,8.43,116737,-2.45%
2016-12-15,APEXFOODS,144,148.2,142,148.2,143.3,145.7,390,8.381,57962,-1.65%
2016-12-15,APEXFOOT,343,346.1,336.5,346,339.3,342.5,554,21.712,63768,-0.93%
2016-12-15,APEXSPINN,112.6,114,112,113.9,112.7,113.9,335,7.399,65679,-1.05%
2016-12-15,APEXTANRY,130.8,133.5,130,133.1,130.7,133,261,10.244,77583,-1.73%
2016-12-15,APOLOISPAT,17.8,18.3,17.6,18.2,17.7,18.1,2750,182.489,10201327,-2.21%
2016-12-15,ARAMIT,353,360.7,353,360.7,354.4,357.6,219,9.121,25689,-0.89%
2016-12-15,ARAMITCEM,34.4,34.9,34,34.1,34.4,33.9,325,7.916,228520,1.47%
2016-12-15,ARGONDENIM,31.3,32.6,31.2,32.4,31.4,31.9,1786,86.241,2728189,-1.57%
2016-12-15,ASIAINS,18.5,18.5,17.8,18.2,18.3,18.4,52,0.514,28326,-0.54%
2016-12-15,ASIAPACINS,19,19,17.9,18.6,18.5,18.9,9,0.035,1900,-2.12%
2016-12-15,ATCSLGF,10.2,10.2,9.8,9.8,10.2,10,16,0.077,7617,2.00%
2016-12-15,ATLASBANG,109.7,111.7,109.5,110.2,109.8,110.2,189,4.543,41379,-0.36%
2016-12-15,AZIZPIPES,69.7,70.5,69.4,70,69.7,70,48,0.37,5317,-0.43%
2016-12-15,BANGAS,118.7,120.5,118.3,119.5,118.8,119.2,118,1.657,13912,-0.34%
2016-12-15,BANKASIA,18.2,18.3,17.9,18.2,18.1,18,63,5.652,312331,0.56%
2016-12-15,BARKAPOWER,30.2,31.4,30.2,30.8,30.5,30.7,1251,77.014,2487763,-0.65%
2016-12-15,BATASHOE,1184.9,1193.9,1182,1193.9,1182.3,1183.8,149,8.92,7540,-0.13%
2016-12-15,BATBC,2504,2507.1,2504,2505.1,2505.8,2503.5,33,1.992,795,0.09%
2016-12-15,BAYLEASING,23.8,24.7,23.6,24.3,23.8,24.1,358,25.469,1046904,-1.24%
2016-12-15,BBS,51.6,53.5,49.3,49.4,51.7,49.5,6109,540.298,10483865,4.44%
2016-12-15,BDAUTOCA,86,88.9,82.3,88.9,83.9,86.9,258,1.128,13132,-3.45%
2016-12-15,BDCOM,25.6,26.4,25.5,25.8,25.6,25.7,693,37.798,1464953,-0.39%
2016-12-15,BDFINANCE,12.4,12.4,11.7,11.8,12.3,11.8,978,33.424,2743819,4.24%
2016-12-15,BDLAMPS,178.5,182,175,182,176.3,182,252,4.783,26787,-3.13%
2016-12-15,BDSERVICE,0,0,0,0,5.5,5.5,0,0,0,0.00%
2016-12-15,BDTHAI,24.3,25.1,24.2,24.8,24.3,24.7,1690,73.914,3020296,-1.62%
2016-12-15,BDWELDING,10.6,11.2,10.6,11.2,10.6,10.8,142,2.07,190638,-1.85%
2016-12-15,BEACHHATCH,10.6,10.7,10.2,10.7,10.4,10.7,163,2.051,197780,-2.80%
2016-12-15,BEACONPHAR,21.2,21.9,21.2,21.9,21.4,21.8,338,12.754,590907,-1.83%
2016-12-15,BENGALWTL,47,48.5,45.9,47.9,46.9,46.9,1111,42.535,903431,0.00%
2016-12-15,BERGERPBL,2330,2330,2330,2330,2330,2349.4,4,0.149,64,-0.83%
2016-12-15,BEXIMCO,24.3,24.6,24.1,24.4,24.2,24.2,1816,84.761,3485445,0.00%
2016-12-15,BGIC,19.9,19.9,19,19.4,19.8,19.6,79,2.285,116962,1.02%
2016-12-15,BIFC,8.2,8.6,8.2,8.2,8.3,8.3,48,0.673,80472,0.00%
2016-12-15,BNICL,17.4,17.5,17.2,17.2,17.4,17.2,316,7.321,422571,1.16%
2016-12-15,BRACBANK,65.3,65.3,65.1,65.3,65.2,65.3,297,39.286,602590,-0.15%
2016-12-15,BRACSCBOND,0,0,0,0,1023.5,1023.5,0,0,0,0.00%
2016-12-15,BSC,452,453.9,440,442.5,452.2,442.5,1550,31.909,71223,2.19%
2016-12-15,BSCCL,117.3,119,117.1,119,117.5,118.2,764,28.146,239314,-0.59%
2016-12-15,BSRMLTD,130,134.3,129.6,134,130.4,132.5,966,47.106,358109,-1.58%
2016-12-15,BSRMSTEEL,95.4,95.8,94.1,95.5,95.3,95.1,666,49.836,524332,0.21%
2016-12-15,BXPHARMA,80.3,81.5,79.9,81,80.2,81,729,49.571,614989,-0.99%
2016-12-15,BXSYNTH,7,7.4,7,7.3,7,7.3,111,1.256,176450,-4.11%
2016-12-15,CENTRALINS,18,18.2,17,17,18.1,17.2,58,1.162,65952,5.23%
2016-12-15,CENTRALPHL,16.9,17.7,16.9,17.5,17,17.4,1421,67.352,3934377,-2.30%
2016-12-15,CITYBANK,27.2,27.5,27,27,27.1,27,605,79.55,2923441,0.37%
2016-12-15,CITYGENINS,15.2,15.5,14.6,14.9,15.2,14.5,263,5.254,350430,4.83%
2016-12-15,CMCKAMAL,19,19.6,18.8,18.8,18.9,18.8,2443,173.786,9057871,0.53%
2016-12-15,CNATEX,9.4,9.9,9.3,9.9,9.4,9.7,1935,97.724,10275002,-3.09%
2016-12-15,CONFIDCEM,113,116.8,110.8,114,111.9,110.4,2310,131.651,1153447,1.36%
2016-12-15,CONTININS,17.8,17.9,17.3,17.4,17.7,17.6,112,4.084,232868,0.57%
2016-12-15,CVOPRL,186.7,191,186,191,186.4,189,824,15.385,82233,-1.38%
2016-12-15,DACCADYE,7.6,7.7,7.5,7.7,7.5,7.7,89,1.109,146160,-2.60%
2016-12-15,DAFODILCOM,42.1,42.6,41.5,42.6,42,42.6,387,23.344,555775,-1.41%
2016-12-15,DBH,101.3,102.4,100.2,101.3,101.3,100.9,253,9.281,91512,0.40%
2016-12-15,DBH1STMF,7.1,7.1,7.1,7.1,7.1,7.1,17,0.213,29990,0.00%
2016-12-15,DEBARACEM,0,0,0,0,1865,1865,0,0,0,0.00%
2016-12-15,DEBBDLUGG,0,0,0,0,784,784,0,0,0,0.00%
2016-12-15,DEBBDWELD,0,0,0,0,1418.5,1418.5,0,0,0,0.00%
2016-12-15,DEBBDZIPP,0,0,0,0,700,700,0,0,0,0.00%
2016-12-15,DEBBXDENIM,0,0,0,0,1450,1450,0,0,0,0.00%
2016-12-15,DEBBXFISH,0,0,0,0,835,835,0,0,0,0.00%
2016-12-15,DEBBXKNI,0,0,0,0,900,900,0,0,0,0.00%
2016-12-15,DEBBXTEX,0,0,0,0,1300,1300,0,0,0,0.00%
2016-12-15,DELTALIFE,97.9,99,97.5,99,97.9,98,311,17.628,180161,-0.10%
2016-12-15,DELTASPINN,9.2,9.5,9.1,9.4,9.2,9.2,470,14.293,1547091,0.00%
2016-12-15,DESCO,48.5,49.4,48.3,48.8,48.3,48.7,217,8.099,166639,-0.82%
2016-12-15,DESHBANDHU,10.2,10.5,10.2,10.3,10.2,10.4,95,1.473,142674,-1.92%
2016-12-15,DHAKABANK,17.7,17.7,17.3,17.3,17.7,17.3,218,8.568,488220,2.31%
2016-12-15,DHAKAINS,20.7,21.1,20.2,21.1,20.5,21.1,116,3.54,171455,-2.84%
2016-12-15,DOREENPWR,106,110.9,104.3,110.5,105.7,109.3,2480,99.284,925699,-3.29%
2016-12-15,DSHGARME,305.9,318,301,315,308.3,315.2,264,4.886,15768,-2.19%
2016-12-15,DSSL,16.4,17.2,16.2,17,16.4,17,1341,44.612,2673871,-3.53%
2016-12-15,DULAMIACOT,7.6,7.6,7.4,7.4,7.4,7.2,4,0.01,1300,2.78%
2016-12-15,DUTCHBANGL,109.2,110,109,109,109.7,109,47,3.891,35446,0.64%
2016-12-15,EASTERNINS,25.2,25.2,24.9,25.2,25,25.1,34,0.653,26139,-0.40%
2016-12-15,EASTLAND,20.6,20.8,20.3,20.3,20.7,20.1,50,0.609,29509,2.99%
2016-12-15,EASTRNLUB,1030,1035,1002.6,1035,1014,1019.8,491,14.985,14828,-0.57%
2016-12-15,EBL,29,29,28.8,28.9,28.9,28.9,69,5.532,191155,0.00%
2016-12-15,EBL1STMF,5.3,5.4,5.2,5.3,5.3,5.3,51,1.967,368194,0.00%
2016-12-15,EBLNRBMF,5.3,5.3,5.2,5.2,5.3,5.2,3,0.006,1049,1.92%
2016-12-15,ECABLES,143.1,147.2,143,147.2,143.5,146.9,186,3.348,23011,-2.31%
2016-12-15,EHL,45.9,46.5,43.6,44,45.7,43.3,2755,190.153,4213234,5.54%
2016-12-15,EMERALDOIL,35.8,36.7,35.5,35.9,35.8,35.7,1221,44.827,1245438,0.28%
2016-12-15,ENVOYTEX,38.6,40.2,38.6,39.3,39,39.2,266,8.859,225769,-0.51%
2016-12-15,ETL,18.5,19.1,18.1,18.9,18.3,18.9,1273,46.177,2494799,-3.17%
2016-12-15,EXIM1STMF,7.7,8,7.6,7.6,7.9,7.6,234,10.61,1371638,3.95%
2016-12-15,EXIMBANK,10.9,11,10.7,10.9,10.9,10.8,462,22.435,2057778,0.93%
2016-12-15,FAMILYTEX,0,0,0,0,8.6,8.6,0,0,0,0.00%
2016-12-15,FARCHEM,22.8,23.5,22.3,22.4,22.9,22.2,4256,205.495,8961338,3.15%
2016-12-15,FAREASTFIN,11,11.1,10.7,10.9,11,10.8,382,11.913,1090315,1.85%
2016-12-15,FAREASTLIF,64.7,66.2,64.7,65.4,64.9,65.5,160,2.427,37322,-0.92%
2016-12-15,FASFIN,13.5,13.9,13.3,13.4,13.7,13.3,811,46.037,3367500,3.01%
2016-12-15,FBFIF,5.6,5.8,5.6,5.7,5.7,5.7,74,1.611,282599,0.00%
2016-12-15,FEDERALINS,13,13.4,12.8,13.1,13,12.8,304,8.799,671839,1.56%
2016-12-15,FEKDIL,23.6,24.1,23.6,23.8,23.6,23.7,283,15.267,642768,-0.42%
2016-12-15,FINEFOODS,24,25,23,23.5,23.7,23.7,128,1.396,57684,0.00%
2016-12-15,FIRSTFIN,8.3,8.3,8.1,8.2,8.3,8,77,1.005,122884,3.75%
2016-12-15,FIRSTSBANK,12.3,12.4,12,12.1,12.3,12.1,606,41.172,3362897,1.65%
2016-12-15,FORTUNE,53.3,56.2,53.3,55.5,53.7,54.9,2490,101.042,1850861,-2.19%
2016-12-15,FUWANGCER,15.8,16.3,15.8,16.3,15.9,16.1,925,29.998,1876510,-1.24%
2016-12-15,FUWANGFOOD,13.3,13.6,13.2,13.5,13.3,13.4,596,16.679,1248955,-0.75%
2016-12-15,GBBPOWER,19.7,20.7,19.1,20.4,19.4,20.2,1724,92.833,4665392,-3.96%
2016-12-15,GEMINISEA,726,738,725,732.4,725.4,735.3,490,9.818,13484,-1.35%
2016-12-15,GENNEXT,8.2,8.4,8.1,8.3,8.1,8.3,841,36.325,4424208,-2.41%
2016-12-15,GHAIL,54.9,55.3,51,53.4,54.5,53.4,1806,126.706,2394381,2.06%
2016-12-15,GHCL,41.6,43.4,41.4,41.8,41.8,41.2,742,27.607,649466,1.46%
2016-12-15,GLAXOSMITH,1560,1570,1558,1566,1561.3,1566.8,105,5.747,3674,-0.35%
2016-12-15,GLOBALINS,14.4,14.6,14.1,14.1,14.3,14.1,80,1.467,102811,1.42%
2016-12-15,GOLDENSON,18,18.5,18,18.5,18.1,18.2,461,10.891,596924,-0.55%
2016-12-15,GP,287.1,288,286,288,286.9,285.8,497,102.251,356470,0.38%
2016-12-15,GPHISPAT,33.7,35,33.5,34.6,33.8,34.5,1769,90.809,2656647,-2.03%
2016-12-15,GQBALLPEN,71.3,73,71.3,72.7,71.7,73,166,3.604,49970,-1.78%
2016-12-15,GRAMEENS2,11.3,11.3,11,11.1,11.2,11.1,81,5.099,455395,0.90%
2016-12-15,GREENDELMF,7,7,7,7,7,7,7,0.028,4000,0.00%
2016-12-15,GREENDELT,48,48,47.3,48,47.7,47.7,21,0.187,3923,0.00%
2016-12-15,GSPFINANCE,22.2,22.7,21.8,21.8,22.3,21.5,1272,73.532,3293935,3.72%
2016-12-15,HAKKANIPUL,49,51,48.5,50.8,49,50.3,569,10.215,206329,-2.58%
2016-12-15,HEIDELBCEM,541,549,540,548.9,543.5,539.9,80,3.744,6903,0.67%
2016-12-15,HFL,24,25.1,24,24.3,24.1,24.5,332,25.119,1015358,-1.63%
2016-12-15,HRTEX,30.6,31.8,30.1,31.5,30.6,31.8,524,15.175,490886,-3.77%
2016-12-15,HWAWELLTEX,35,35.9,34.9,35.3,35.3,36.1,43,1.747,49180,-2.22%
2016-12-15,IBBLPBOND,983,985,980,980,983.5,984,38,2.837,2886,-0.05%
2016-12-15,IBNSINA,204.9,208,199.9,206.4,202.1,205.9,983,30.804,152151,-1.85%
2016-12-15,ICB,99,101.1,98.9,100.9,99.1,99.9,150,3.374,33895,-0.80%
2016-12-15,ICB1STNRB,18.6,18.6,18.6,18.6,18.6,18.7,8,0.1,5370,-0.53%
2016-12-15,ICB2NDNRB,7.9,7.9,7.8,7.8,7.9,7.9,8,0.08,10085,0.00%
2016-12-15,ICB3RDNRB,4.6,4.7,4.6,4.7,4.7,4.7,36,0.998,213000,0.00%
2016-12-15,ICBAMCL2ND,5.4,5.5,5.3,5.3,5.4,5.4,44,0.881,164100,0.00%
2016-12-15,ICBEPMF1S1,6,6.1,6,6,6,6.3,28,0.295,49000,-4.76%
2016-12-15,ICBIBANK,4,4.1,3.9,4,4,4,82,1.367,341550,0.00%
2016-12-15,ICBSONALI1,6,6.1,6,6.1,6,6.1,9,0.211,35000,-1.64%
2016-12-15,IDLC,0,0,0,0,61.1,61.1,0,0,0,0.00%
2016-12-15,IFADAUTOS,90.2,93.4,90,92.9,91.1,92.5,1988,176.603,1919429,-1.51%
2016-12-15,IFIC,20.6,20.6,20,20,20.5,20,620,27.715,1366907,2.50%
2016-12-15,IFIC1STMF,5,5,4.8,4.8,5,4.9,25,1.323,265339,2.04%
2016-12-15,IFILISLMF1,6.7,6.8,6.7,6.7,6.7,6.7,18,0.588,87524,0.00%
2016-12-15,ILFSL,11,11.1,10.8,10.8,10.9,10.9,223,8.011,731361,0.00%
2016-12-15,IMAMBUTTON,12.9,13.4,12.9,13.3,13.1,13.1,33,0.354,26920,0.00%
2016-12-15,INTECH,14.4,14.6,14.2,14.6,14.3,14.4,434,10.733,744885,-0.69%
2016-12-15,IPDC,41.4,41.8,40.7,41.1,41,40.8,433,22.922,557102,0.49%
2016-12-15,ISLAMIBANK,29.3,29.6,29.3,29.5,29.4,29.5,416,32.503,1103157,-0.34%
2016-12-15,ISLAMICFIN,17.9,17.9,16.3,16.3,17.9,16.3,1949,146.656,8425331,9.82%
2016-12-15,ISLAMIINS,18.3,18.3,17.4,17.5,17.9,17.6,68,1.814,102528,1.70%
2016-12-15,ISNLTD,12.5,13,12.5,12.9,12.7,12.8,14,0.107,8427,-0.78%
2016-12-15,ITC,48.9,50,48.8,50,48.9,49.4,917,21.764,442227,-1.01%
2016-12-15,JAMUNABANK,15.4,15.5,15,15,15.4,15.2,179,7.199,468862,1.32%
2016-12-15,JAMUNAOIL,0,0,0,0,196.4,196.4,0,0,0,0.00%
2016-12-15,JANATAINS,13,13,12.5,12.5,12.9,12.6,36,0.521,40618,2.38%
2016-12-15,JMISMDL,173.1,176.5,160.7,160.7,174.1,160.7,2097,73.827,439396,8.34%
2016-12-15,JUTESPINN,54,54,53.7,54,53.8,53.6,14,0.032,600,0.37%
2016-12-15,KARNAPHULI,14.8,15,14.7,14.9,15,14.8,47,0.633,42594,1.35%
2016-12-15,KAY&QUE,32.3,32.3,30.8,32,31.5,32.1,68,0.861,27340,-1.87%
2016-12-15,KBPPWBIL,19.2,19.9,19.1,19.8,19.2,19.7,731,29.54,1517449,-2.54%
2016-12-15,KDSALTD,82.9,82.9,80.3,80.3,82.6,80.5,1053,55.955,682973,2.61%
2016-12-15,KEYACOSMET,11.3,11.6,10.9,10.9,11.3,11,4238,189.024,16687987,2.73%
2016-12-15,KOHINOOR,383.9,386.3,375,375,381.7,376.9,100,1.476,3875,1.27%
2016-12-15,KPCL,65,66.5,64.9,65.8,65,65.5,1108,62.59,959267,-0.76%
2016-12-15,KPPL,8,8.2,7.9,8.1,8,8,108,1.967,243490,0.00%
2016-12-15,LAFSURCEML,87.9,90,85,85,88,82.8,8135,776.102,8784199,6.28%
2016-12-15,LANKABAFIN,32.3,32.5,31.1,31.4,32.2,31,2605,179.581,5600709,3.87%
2016-12-15,LEGACYFOOT,20.9,21.4,20.9,21.4,21,21.4,55,0.408,19397,-1.87%
2016-12-15,LIBRAINFU,450.3,479.9,445.3,479.9,454.5,462.4,271,4.478,9789,-1.71%
2016-12-15,LINDEBD,1300,1308.9,1293.2,1300,1300.3,1297.2,235,20.521,15790,0.24%
2016-12-15,LRGLOBMF1,6.7,6.7,6.7,6.7,6.7,6.7,15,1.353,202000,0.00%
2016-12-15,MAKSONSPIN,7.6,7.9,7.5,7.9,7.6,7.8,160,6.839,892867,-2.56%
2016-12-15,MALEKSPIN,16.4,16.9,16.4,16.9,16.5,16.7,164,6.402,386073,-1.20%
2016-12-15,MARICO,1177.1,1210,1175.5,1210,1176.8,1190.9,75,2.429,2058,-1.18%
2016-12-15,MATINSPINN,38.1,39,37.9,38.5,38.2,38.2,206,7.48,195774,0.00%
2016-12-15,MBL1STMF,7.1,7.1,7,7,7.1,7,8,0.033,4720,1.43%
2016-12-15,MEGCONMILK,8.1,8.5,8,8.1,8.1,7.9,90,0.653,78640,2.53%
2016-12-15,MEGHNACEM,112.9,114.2,110,112.9,113.2,113.2,425,35.484,311644,0.00%
2016-12-15,MEGHNALIFE,53.1,53.6,52.7,53.6,53.1,53.2,108,1.956,36862,-0.19%
2016-12-15,MEGHNAPET,6.6,6.8,6.4,6.7,6.6,6.6,19,0.153,23200,0.00%
2016-12-15,MERCANBANK,14.7,14.8,14.5,14.6,14.6,14.6,341,39.053,2666562,0.00%
2016-12-15,MERCINS,15.8,16,14.9,15.2,15.9,15.1,152,2.941,189200,5.30%
2016-12-15,METROSPIN,7.1,7.4,7.1,7.4,7.1,7.2,51,0.848,118519,-1.39%
2016-12-15,MHSML,16,16.3,16,16.2,16,16,508,14.853,921085,0.00%
2016-12-15,MICEMENT,78.1,78.5,77.1,78.5,77.8,77.9,231,10.356,133339,-0.13%
2016-12-15,MIDASFIN,21.7,23.6,21.7,23.2,22.1,22,192,4.009,177348,0.45%
2016-12-15,MIRACLEIND,56.3,57.9,55.5,57.8,56,57.5,720,23.993,425435,-2.61%
2016-12-15,MITHUNKNIT,0,0,0,0,68.7,68.7,0,0,0,0.00%
2016-12-15,MJLBD,122,123.8,121.5,123.1,121.8,123.1,1566,125.124,1023937,-1.06%
2016-12-15,MODERNDYE,180,183.8,170,173.6,171.6,173.9,18,0.133,775,-1.32%
2016-12-15,MONNOCERA,40.5,42,40.3,42,40.5,42,139,2.035,49433,-3.57%
2016-12-15,MONNOSTAF,544.1,568.7,544.1,562,553.5,561,71,0.827,1477,-1.34%
2016-12-15,MPETROLEUM,184.8,185.1,183.9,184,184.5,183.7,227,23.695,128568,0.44%
2016-12-15,MTB,23.7,24.1,23.3,23.5,23.9,23.1,321,63.667,2665427,3.46%
2016-12-15,NATLIFEINS,180.4,183,178.7,183,179.3,180.8,334,10.268,57064,-0.83%
2016-12-15,NAVANACNG,62.3,62.8,59,59.6,60.1,59.2,1778,132.111,2175402,1.52%
2016-12-15,NBL,9.7,9.8,9.7,9.7,9.7,9.7,765,42.711,4397335,0.00%
2016-12-15,NCCBANK,11.1,11.2,11,11,11.2,11,208,7.238,650511,1.82%
2016-12-15,NCCBLMF1,7,7,7,7,7,7,3,0.42,59950,0.00%
2016-12-15,NFML,18.1,18.6,18.1,18.6,18.2,18.5,847,32.28,1757161,-1.62%
2016-12-15,NHFIL,64.7,64.8,60.6,60.6,63.8,60.9,697,39.674,630295,4.76%
2016-12-15,NITOLINS,21.7,22.7,21.7,22.5,21.7,21.7,24,0.251,11521,0.00%
2016-12-15,NLI1STMF,12.6,12.9,12.6,12.6,12.8,12.7,26,3.546,278150,0.79%
2016-12-15,NORTHERN,226.5,230.3,223,230.3,223.9,228.2,162,2.547,11353,-1.88%
2016-12-15,NORTHRNINS,19.8,19.8,18,18,19.5,18.5,113,1.674,89282,5.41%
2016-12-15,NPOLYMAR,74.5,76.7,74.4,75.7,74.6,75,523,13.841,183199,-0.53%
2016-12-15,NTC,664.6,681,660.2,670,665.8,666.8,2071,81.896,122433,-0.15%
2016-12-15,NTLTUBES,129.3,134,128.6,130.2,130.1,131,2039,63.005,481744,-0.69%
2016-12-15,OAL,22.7,23.4,22.6,23.1,22.7,23,2090,98.256,4306763,-1.30%
2016-12-15,OLYMPIC,305.5,308,305.3,305.9,305.7,306.8,451,35.701,116644,-0.36%
2016-12-15,ONEBANKLTD,16.2,16.2,15.7,15.8,16.2,15.8,459,35.61,2226465,2.53%
2016-12-15,ORIONINFU,60.2,62,60.2,60.7,60.6,60.3,1367,33.578,548321,0.50%
2016-12-15,ORIONPHARM,40.9,42.1,40.7,41.5,40.8,41.4,858,42.659,1034562,-1.45%
2016-12-15,PADMALIFE,26.7,26.8,26.4,26.4,26.6,26.3,42,0.59,22234,1.14%
2016-12-15,PADMAOIL,190.4,193.4,190.1,191.8,190.5,190.7,279,23.73,123926,-0.10%
2016-12-15,PARAMOUNT,19.9,20.9,19.6,19.9,20.2,20.4,284,7.91,391249,-0.98%
2016-12-15,PENINSULA,25.1,26.4,24.8,26,25.1,25.7,1149,56.936,2238496,-2.33%
2016-12-15,PEOPLESINS,17.7,17.7,17.1,17.1,17.4,17.4,19,0.123,7085,0.00%
2016-12-15,PF1STMF,4.8,4.8,4.7,4.8,4.8,4.8,25,2.482,517100,0.00%
2016-12-15,PHARMAID,245.6,247.7,242,243.6,244.6,243.5,449,12,49219,0.45%
2016-12-15,PHENIXINS,23.1,23.5,22.7,23.3,23.1,23,85,1.801,77775,0.43%
2016-12-15,PHOENIXFIN,26.5,27.2,26.3,26.6,26.7,26.3,371,22.158,828427,1.52%
2016-12-15,PHPMF1,4.8,4.8,4.6,4.7,4.7,4.8,127,8.654,1848596,-2.08%
2016-12-15,PIONEERINS,30.4,30.4,29.4,30.3,30.3,29.5,91,1.809,60595,2.71%
2016-12-15,PLFSL,8.2,8.4,8.2,8.3,8.2,8.4,122,1.647,199339,-2.38%
2016-12-15,POPULAR1MF,4.7,4.8,4.7,4.8,4.7,4.7,116,5.847,1242533,0.00%
2016-12-15,POPULARLIF,69.8,70.5,69.8,70.5,70,69.2,81,3.78,53983,1.16%
2016-12-15,POWERGRID,55.3,55.7,53.9,54.4,55.1,54.4,584,26.489,481276,1.29%
2016-12-15,PRAGATIINS,27.2,27.7,27.2,27.7,27.4,27.8,22,0.54,19676,-1.44%
2016-12-15,PRAGATILIF,108.4,109.4,104.6,104.6,106.7,107.3,42,0.691,6530,-0.56%
2016-12-15,PREMIERBAN,9.1,9.1,8.9,9,9,9,329,12.055,1336848,0.00%
2016-12-15,PREMIERCEM,85,87,84.9,86.8,85,85.4,105,4.802,56309,-0.47%
2016-12-15,PREMIERLEA,13.3,13.5,13.1,13.2,13.3,13.1,853,62.612,4719657,1.53%
2016-12-15,PRIME1ICBA,5.1,5.1,5.1,5.1,5.1,5.1,6,0.02,4000,0.00%
2016-12-15,PRIMEBANK,17.6,17.7,16.8,17.1,17.6,17.2,187,12.076,689394,2.33%
2016-12-15,PRIMEFIN,9,9.1,8.8,8.9,9,8.9,145,3.05,337470,1.12%
2016-12-15,PRIMEINSUR,18.3,18.8,18.2,18.2,18.3,18.2,6,0.105,5722,0.55%
2016-12-15,PRIMELIFE,59.5,59.5,59,59,59.1,59.2,7,0.276,4667,-0.17%
2016-12-15,PRIMETEX,22.8,24.1,22.5,23,22.7,22.7,657,34.415,1477976,0.00%
2016-12-15,PROGRESLIF,55.2,55.2,54.1,54.1,54.9,54.6,4,0.038,701,0.55%
2016-12-15,PROVATIINS,15.5,16.4,15,15,15.6,15.1,76,2.62,165444,3.31%
2016-12-15,PTL,19.5,19.9,19.2,19.9,19.4,19.6,509,23.243,1190991,-1.02%
2016-12-15,PUBALIBANK,24.8,24.8,23.7,24.7,24.7,24.2,302,23.2,942786,2.07%
2016-12-15,PURABIGEN,15.5,15.6,14.9,14.9,15.3,15,172,4.108,271882,2.00%
2016-12-15,QSMDRYCELL,94.4,96.7,94.2,94.9,94.8,94.9,1488,61.8,649011,-0.11%
2016-12-15,RAHIMAFOOD,140,157,140,148.2,142.5,149.5,504,9.653,63686,-4.68%
2016-12-15,RAHIMTEXT,260,275,260,275,264.3,269.3,336,7.251,26864,-1.86%
2016-12-15,RAKCERAMIC,64.4,64.4,62.4,62.5,64.2,62.1,2117,144.015,2260049,3.38%
2016-12-15,RANFOUNDRY,106.1,107.7,106,107,106.2,107.4,290,5.224,49054,-1.12%
2016-12-15,RDFOOD,17.2,17.6,17,17.5,17.1,17.4,932,30.477,1769387,-1.72%
2016-12-15,RECKITTBEN,1570,1570,1540.1,1540.1,1552.9,1541.2,18,0.258,166,0.76%
2016-12-15,REGENTTEX,15.4,15.8,15.3,15.6,15.4,15.5,1123,28.142,1811833,-0.65%
2016-12-15,RELIANCE1,8.3,8.3,8.1,8.1,8.2,8.1,9,0.207,25125,1.23%
2016-12-15,RELIANCINS,46.8,47,46.8,47,47,46.8,5,0.108,2300,0.43%
2016-12-15,RENATA,1083,1088,1083,1083,1083.5,1083.1,213,10.199,9403,0.04%
2016-12-15,RENWICKJA,651,672,651,672,661.8,671.3,172,2.921,4422,-1.42%
2016-12-15,REPUBLIC,21,21.5,19.9,20.2,21.4,20.3,341,26.142,1270650,5.42%
2016-12-15,RNSPIN,23,24,22.8,23,23,22.4,810,28.22,1210659,2.68%
2016-12-15,RSRMSTEEL,66.9,69.3,63.1,63.5,66.1,64.1,2727,298.178,4510606,3.12%
2016-12-15,RUPALIBANK,25.4,26,25.3,25.5,25.6,25.5,139,2.55,99315,0.39%
2016-12-15,RUPALIINS,17.8,18.1,17.5,17.5,18,17.5,159,4.346,243656,2.86%
2016-12-15,RUPALILIFE,36.5,36.5,35.2,35.7,36.3,35.1,265,10.994,305143,3.42%
2016-12-15,SAFKOSPINN,13.4,13.9,13.4,13.8,13.5,13.7,208,3.833,280700,-1.46%
2016-12-15,SAIFPOWER,50.5,51.6,49.8,51.5,50,51.3,1142,53.138,1053697,-2.53%
2016-12-15,SAIHAMCOT,14.7,15.1,14.4,14.8,14.8,14.8,265,18.646,1260610,0.00%
2016-12-15,SAIHAMTEX,14.6,15,14.6,14.8,14.6,14.7,207,7.057,481590,-0.68%
2016-12-15,SALAMCRST,37.7,38.6,36.8,37.5,37.9,36.9,1478,74.865,1988625,2.71%
2016-12-15,SALVOCHEM,16.3,17.3,16.3,17,16.4,16.8,839,39.004,2347083,-2.38%
2016-12-15,SAMATALETH,0,0,0,0,26.5,26.5,0,0,0,0.00%
2016-12-15,SAMORITA,67.6,68.9,67.1,68.5,67.3,67.3,138,4.099,60561,0.00%
2016-12-15,SANDHANINS,32.6,32.8,32.4,32.5,32.6,32.6,71,1.498,45993,0.00%
2016-12-15,SAPORTL,47.9,48.7,47.2,48,47.9,48.4,1915,121.017,2528556,-1.03%
2016-12-15,SAVAREFR,50,50,50,50,50,49.5,1,0.005,100,1.01%
2016-12-15,SEBL1STMF,11.9,12,11.9,12,12,12,12,1.265,105400,0.00%
2016-12-15,SEMLLECMF,0,0,0,0,9.8,9.8,0,0,0,0.00%
2016-12-15,SHAHJABANK,14.3,14.4,14.1,14.1,14.4,14.2,163,6.477,451773,1.41%
2016-12-15,SHASHADNIM,71.3,74,71.1,73.8,71.6,73.6,1737,132.695,1837360,-2.72%
2016-12-15,SHURWID,10.5,10.9,10.5,10.7,10.5,10.8,147,1.699,159663,-2.78%
2016-12-15,SHYAMPSUG,17.8,17.8,16.3,16.3,17.8,16.2,56,0.442,25385,9.88%
2016-12-15,SIBL,16.8,16.8,16.5,16.6,16.8,16.7,136,3.275,196325,0.60%
2016-12-15,SIMTEX,21.6,21.7,21.2,21.7,21.3,21.5,509,5.242,244108,-0.93%
2016-12-15,SINGERBD,186,187,184.2,184.2,184.8,184.2,298,14.937,80734,0.33%
2016-12-15,SINOBANGLA,29.1,30.4,28.3,30.1,29.4,30.8,153,4.323,144238,-4.55%
2016-12-15,SONALIANSH,187,191.8,184.1,191.8,186.1,187.5,234,5.495,29525,-0.75%
2016-12-15,SONARBAINS,16.5,16.5,15.8,16.1,16,15.9,35,0.371,23127,0.63%
2016-12-15,SONARGAON,9.8,10.1,9.8,10,9.8,9.8,61,0.634,63942,0.00%
2016-12-15,SOUTHEASTB,17.4,17.6,17.3,17.5,17.4,17.4,220,17.247,988708,0.00%
2016-12-15,SPCERAMICS,9.5,9.5,9.3,9.5,9.4,9.6,58,0.564,60120,-2.08%
2016-12-15,SPCL,135,138.3,134,137.9,135.2,138,1013,45.192,331203,-2.03%
2016-12-15,SPPCL,0,0,0,0,0,39.7,0,0,0,-100.00%
2016-12-15,SQUARETEXT,69.4,70.5,69.2,70.1,69.4,70.3,154,13.219,189095,-1.28%
2016-12-15,SQURPHARMA,245.2,247.7,245.2,247.7,245.5,247,1297,119.961,487651,-0.61%
2016-12-15,STANCERAM,53.6,55.2,53.1,55.2,53.6,55.2,200,2.75,51059,-2.90%
2016-12-15,STANDARINS,18.1,19,18,18.7,18.2,18.4,16,0.081,4466,-1.09%
2016-12-15,STANDBANKL,11,11.2,10.8,10.9,11.1,10.9,180,7.5,678945,1.83%
2016-12-15,STYLECRAFT,1434.1,1494,1415,1480,1440.3,1494.2,69,0.533,369,-3.61%
2016-12-15,SUMITPOWER,37.2,38.3,36.9,37.9,37.2,37.6,677,55.489,1476054,-1.06%
2016-12-15,SUNLIFEINS,20.3,20.5,19.6,20.5,20.1,20.1,15,0.28,13900,0.00%
2016-12-15,TAKAFULINS,17.5,17.7,17.4,17.4,17.6,17.5,18,0.195,11132,0.57%
2016-12-15,TALLUSPIN,9.3,9.4,9.2,9.4,9.3,9.3,149,1.963,211355,0.00%
2016-12-15,TITASGAS,46.8,47.2,46.7,46.8,46.8,46.9,524,31.32,667996,-0.21%
2016-12-15,TOSRIFA,19.4,20.2,19,20.1,19.3,19.6,273,9.721,501319,-1.53%
2016-12-15,TRUSTB1MF,5.3,5.3,5.1,5.2,5.2,5.2,125,6.76,1301022,0.00%
2016-12-15,TRUSTBANK,23.5,23.7,23.2,23.4,23.5,23.3,342,29.432,1252625,0.86%
2016-12-15,TUNGHAI,11,11.4,10.9,11.2,11,11.2,389,16.912,1522880,-1.79%
2016-12-15,UCB,20.4,20.4,19.9,19.9,20.3,19.9,751,53.557,2655349,2.01%
2016-12-15,UNIONCAP,16.3,16.4,15.4,15.8,16.2,15.7,1120,60.724,3765651,3.18%
2016-12-15,UNIQUEHRL,46.5,48.2,45.4,45.9,47,45.6,2072,113.049,2418244,3.07%
2016-12-15,UNITEDAIR,5,5.1,4.9,5.1,5,5,478,10.125,2014258,0.00%
2016-12-15,UNITEDFIN,22.9,22.9,22.1,22.1,22.7,22.2,374,19.798,875554,2.25%
2016-12-15,UNITEDINS,25.5,25.7,25.5,25.7,25.5,25.5,2,0.077,3000,0.00%
2016-12-15,UPGDCL,140.2,142,139.3,141.3,140.4,141.1,972,73.488,521386,-0.50%
2016-12-15,USMANIAGL,88.2,89,87,89,87.3,88.2,281,3.847,43927,-1.02%
2016-12-15,UTTARABANK,24.1,24.5,24,24.5,24.4,24.2,288,21.3,874036,0.83%
2016-12-15,UTTARAFIN,60.6,61.3,58.5,58.5,60.7,58.5,508,21.712,358908,3.76%
2016-12-15,VAMLBDMF1,10.1,10.1,9.9,10,10,10,32,2.791,278850,0.00%
2016-12-15,VAMLRBBF,8.6,8.8,8.6,8.6,8.6,8.7,79,0.378,43760,-1.15%
2016-12-15,WATACHEM,165,169.7,164,165,166.1,163.9,503,13.14,79058,1.34%
2016-12-15,WMSHIPYARD,31.2,33,30,33,31.3,32.9,712,21.898,699720,-4.86%
2016-12-15,YPL,30.3,31.5,30.2,31.5,30.3,31.2,1174,32.526,1059087,-2.88%
2016-12-15,ZAHEENSPIN,17,17.6,16.9,17.6,17,17.6,642,25.074,1451807,-3.41%
2016-12-15,ZAHINTEX,18,18,17.2,17.6,17.5,17.7,234,7.659,438855,-1.13%
2016-12-15,ZEALBANGLA,29.8,29.8,29.2,29.5,29.8,27.1,56,0.627,21091,9.96%
